{
    "bert-base-cased": -0.502318538270594,
    "bert-large-cased": -0.4821213808966679,
    "bert-base-multilingual-uncased": -0.4732564484482693,
    "bert-base-multilingual-cased": -0.47416669453995447,
    "bert-base-chinese": -0.5519592659369013,
    "bert-base-german-cased": -0.5390575176794147,
    "bert-large-uncased-whole-word-masking": -0.4735636771734436,
    "bert-large-cased-whole-word-masking": -0.4829923340900793,
    "bert-base-german-dbmdz-cased": -0.5229968583633177,
    "bert-base-german-dbmdz-uncased": -0.5107171411306867,
    "bert-base-japanese": -0.5443503273417571,
    "bert-base-japanese-whole-word-masking": -0.540375346965172,
    "bert-base-japanese-char": -0.5507335709730403,
    "bert-base-finnish-cased-v1": -0.5232909831968181,
    "bert-base-finnish-uncased-v1": -0.5159035587094096,
    "bert-base-dutch-cased": -0.5471996087226578,
    "roberta-large-mnli": -0.35633509787890383,
    "roberta-base-openai-detector": -0.5094913002490724,
    "roberta-large-openai-detector": -0.47983865393395253,
    "distilbert-base-cased": -0.5377091828922718,
    "distilbert-base-german-cased": -0.5356380290537985,
    "distilbert-base-multilingual-cased": -0.5246108611259706,
    "camembert-base": -0.5242404210873675,
    "flaubert_small_cased": -0.6592242705376231,
    "flaubert_base_uncased": -0.6854558318636954,
    "flaubert_base_cased": -0.6795215744455199,
    "flaubert_large_cased": -0.6627816254666201,
    "small-base": -0.431669848490781,
    "medium-base": -0.4192373593091314,
    "intermediate-base": -0.4102392768583226,
    "large-base": -0.38632068904079053,
    "xlm-roberta-base": -0.49384387648568356
}