{
    "bert-base-cased": -0.44994474714099697,
    "bert-large-cased": 0.11180660824584585,
    "bert-base-multilingual-uncased": -0.579151329682776,
    "bert-base-multilingual-cased": -0.581325302276303,
    "bert-base-chinese": -0.6491663246724366,
    "bert-base-german-cased": -0.6981827010386819,
    "bert-large-uncased-whole-word-masking": 0.07747520341724551,
    "bert-large-cased-whole-word-masking": 0.03700733513250636,
    "bert-base-german-dbmdz-cased": -0.6542212675970209,
    "bert-base-german-dbmdz-uncased": -0.6051900551053204,
    "bert-base-japanese": -0.6855800045784689,
    "bert-base-japanese-whole-word-masking": -0.6915288187272592,
    "bert-base-japanese-char": -0.7129733793017548,
    "bert-base-finnish-cased-v1": -0.6848044078839766,
    "bert-base-finnish-uncased-v1": -0.6766370754846529,
    "bert-base-dutch-cased": -0.6899950376558546,
    "roberta-large-mnli": 0.12018738457822153,
    "roberta-base-openai-detector": -0.5494410619375671,
    "roberta-large-openai-detector": -0.22386392257169824,
    "distilbert-base-cased": -0.4730477221039621,
    "distilbert-base-german-cased": -0.6797212807417281,
    "distilbert-base-multilingual-cased": -0.6001947356635912,
    "camembert-base": -0.6521499646706681,
    "flaubert_small_cased": -0.7449313794053452,
    "flaubert_base_uncased": -0.7116676575791485,
    "flaubert_base_cased": -0.7088096046539454,
    "flaubert_large_cased": -0.04646976236072331,
    "small-base": -0.3562061023111258,
    "medium-base": -0.3740537598141813,
    "intermediate-base": -0.4226438569145077,
    "large-base": -0.00892260832664477,
    "xlm-roberta-base": -0.5131888637850017
}