{
    "bert-base-cased": -0.6331566256171729,
    "bert-large-cased": -0.6201005968112258,
    "bert-base-multilingual-uncased": -0.631905108598333,
    "bert-base-multilingual-cased": -0.6338301191732373,
    "bert-base-chinese": -0.6383848044855897,
    "bert-base-german-cased": -0.64607600530188,
    "bert-large-uncased-whole-word-masking": -0.6169977071612215,
    "bert-large-cased-whole-word-masking": -0.6305989147503411,
    "bert-base-german-dbmdz-cased": -0.6348402169792684,
    "bert-base-german-dbmdz-uncased": -0.6448755792527852,
    "bert-base-japanese": -0.6438216143567466,
    "bert-base-japanese-whole-word-masking": -0.6461543076834454,
    "bert-base-japanese-char": -0.6516065015514161,
    "bert-base-finnish-cased-v1": -0.6410789586337279,
    "bert-base-finnish-uncased-v1": -0.6402326436417468,
    "bert-base-dutch-cased": -0.6463806476838417,
    "roberta-large-mnli": 0.1181475771141463,
    "roberta-base-openai-detector": -0.6396426343905225,
    "roberta-large-openai-detector": -0.5802260792445152,
    "distilbert-base-cased": -0.640175317121331,
    "distilbert-base-german-cased": -0.6447415053003279,
    "distilbert-base-multilingual-cased": -0.6491667165366022,
    "camembert-base": -0.6462353241778696,
    "flaubert_small_cased": -0.6769540058027465,
    "flaubert_base_uncased": -0.6884299493950247,
    "flaubert_base_cased": -0.6894823820597251,
    "flaubert_large_cased": -0.6847581209180511,
    "small-base": -0.5837849702204189,
    "medium-base": -0.5750701799766277,
    "intermediate-base": -0.5529803110432702,
    "large-base": -0.5484874696067575,
    "xlm-roberta-base": -0.6423565618058004
}