{
    "bert-base-cased": -0.5794009459993135,
    "bert-large-cased": -0.5542942126167122,
    "bert-base-multilingual-uncased": -0.6337243569872113,
    "bert-base-multilingual-cased": -0.6367989362520969,
    "bert-base-chinese": -0.6507225105897276,
    "bert-base-german-cased": -0.6510886929029037,
    "bert-large-uncased-whole-word-masking": -0.5500833737611508,
    "bert-large-cased-whole-word-masking": -0.5504449183410075,
    "bert-base-german-dbmdz-cased": -0.6497846670493974,
    "bert-base-german-dbmdz-uncased": -0.6482899414829069,
    "bert-base-japanese": -0.6499872752028648,
    "bert-base-japanese-whole-word-masking": -0.6522280659155206,
    "bert-base-japanese-char": -0.6516866621965653,
    "bert-base-finnish-cased-v1": -0.649950569523529,
    "bert-base-finnish-uncased-v1": -0.6556637776041738,
    "bert-base-dutch-cased": -0.6524220547861368,
    "roberta-large-mnli": -0.5838950332477439,
    "roberta-base-openai-detector": -0.5537126163034798,
    "roberta-large-openai-detector": -0.535303262580404,
    "distilbert-base-cased": -0.6187419247041415,
    "distilbert-base-german-cased": -0.6519451077447489,
    "distilbert-base-multilingual-cased": -0.6528372136172229,
    "camembert-base": -0.655140092464777,
    "flaubert_small_cased": -0.6804371009956434,
    "flaubert_base_uncased": -0.68824656468223,
    "flaubert_base_cased": -0.6894820436382703,
    "flaubert_large_cased": -0.6858317444371459,
    "small-base": -0.5246979075645017,
    "medium-base": -0.5205206087127239,
    "intermediate-base": -0.5080418125387394,
    "large-base": -0.46800128134145924,
    "xlm-roberta-base": -0.6298769687836587
}