{
    "bert-base-cased": -0.5701494261795701,
    "bert-large-cased": -0.6093145988638291,
    "bert-base-multilingual-uncased": -0.5368010241745809,
    "bert-base-multilingual-cased": -0.5384365145126795,
    "bert-base-chinese": -0.5697505543601944,
    "bert-base-german-cased": -0.5609943061588771,
    "bert-large-uncased-whole-word-masking": -0.539497967822903,
    "bert-large-cased-whole-word-masking": -0.5466628166245633,
    "bert-base-german-dbmdz-cased": -0.5557017730240426,
    "bert-base-german-dbmdz-uncased": -0.5567589404353752,
    "bert-base-japanese": -0.566350422370572,
    "bert-base-japanese-whole-word-masking": -0.5664429991087233,
    "bert-base-japanese-char": -0.5809135898541185,
    "bert-base-finnish-cased-v1": -0.5597761241539295,
    "bert-base-finnish-uncased-v1": -0.5670390009691124,
    "bert-base-dutch-cased": -0.5735603879444282,
    "roberta-large-mnli": -0.4043750836509272,
    "roberta-base-openai-detector": -0.593226679005219,
    "roberta-large-openai-detector": -0.5987756061675922,
    "distilbert-base-cased": -0.6273250430138828,
    "distilbert-base-german-cased": -0.5947186987778434,
    "distilbert-base-multilingual-cased": -0.6403690968354623,
    "camembert-base": -0.6181608308068455,
    "flaubert_small_cased": -0.7283658393034715,
    "flaubert_base_uncased": -0.7505212994871253,
    "flaubert_base_cased": -0.7445590309444123,
    "flaubert_large_cased": -0.7397075624480696,
    "small-base": -0.5316067183799686,
    "medium-base": -0.5323786713722555,
    "intermediate-base": -0.5295312516809199,
    "large-base": -0.5176074345625727,
    "xlm-roberta-base": -0.6006238283588173
}