{
    "bert-base-cased": 29.30037921943952,
    "bert-large-cased": 42.697089071247404,
    "bert-base-multilingual-uncased": 26.744947712855343,
    "bert-base-multilingual-cased": 28.871508941205363,
    "bert-base-chinese": 36.57152890329496,
    "bert-base-german-cased": 34.719184764541936,
    "bert-large-uncased-whole-word-masking": 46.52690413467322,
    "bert-large-cased-whole-word-masking": 46.18205430137747,
    "bert-base-german-dbmdz-cased": 34.826051580538405,
    "bert-base-german-dbmdz-uncased": 36.139577164019585,
    "bert-base-japanese": 31.453965450591742,
    "bert-base-japanese-whole-word-masking": 31.7104073927009,
    "bert-base-japanese-char": 29.423376868497506,
    "bert-base-finnish-cased-v1": 37.61130818144768,
    "bert-base-finnish-uncased-v1": 37.70280364576381,
    "bert-base-dutch-cased": 35.82098420312441,
    "roberta-large-mnli": 56.13841758562026,
    "roberta-base-openai-detector": 35.607475243284966,
    "roberta-large-openai-detector": 55.80962292442561,
    "distilbert-base-cased": 28.228041061672393,
    "distilbert-base-german-cased": 34.51885233704935,
    "distilbert-base-multilingual-cased": 30.278332267842096,
    "camembert-base": 20.666743655104323,
    "flaubert_small_cased": 22.756279370901225,
    "flaubert_base_uncased": 35.17190393839904,
    "flaubert_base_cased": 33.3826974831008,
    "flaubert_large_cased": 66.62849274739659,
    "small-base": 28.492576181298595,
    "medium-base": 30.784578005074614,
    "intermediate-base": 27.205009208533603,
    "large-base": 43.792199868145,
    "xlm-roberta-base": 36.451630687444066
}