{
    "bert-base-cased": 4.552047559254357,
    "bert-large-cased": 8.206490682174053,
    "bert-base-multilingual-uncased": 4.424959295503536,
    "bert-base-multilingual-cased": 4.471187025852291,
    "bert-base-chinese": 4.285896489748918,
    "bert-base-german-cased": 4.848043547156322,
    "bert-large-uncased-whole-word-masking": 8.267746449120878,
    "bert-large-cased-whole-word-masking": 8.046098773630684,
    "bert-base-german-dbmdz-cased": 4.47144519601019,
    "bert-base-german-dbmdz-uncased": 5.736441569080672,
    "bert-base-japanese": 4.388933403478975,
    "bert-base-japanese-whole-word-masking": 4.569916146881821,
    "bert-base-japanese-char": 4.945290153523128,
    "bert-base-finnish-cased-v1": 5.888853656884562,
    "bert-base-finnish-uncased-v1": 5.643751054290346,
    "bert-base-dutch-cased": 5.538554777986992,
    "roberta-large-mnli": 9.841998552698715,
    "roberta-base-openai-detector": 2.9293677761863792,
    "roberta-large-openai-detector": 6.360056022250205,
    "distilbert-base-cased": 4.6264261787021965,
    "distilbert-base-german-cased": 4.708849089269114,
    "distilbert-base-multilingual-cased": 5.26430711431266,
    "camembert-base": 3.2382528082221946,
    "flaubert_small_cased": 1.9674112091321936,
    "flaubert_base_uncased": 5.292651526992215,
    "flaubert_base_cased": 4.671687487227244,
    "flaubert_large_cased": 9.651428056465958,
    "small-base": 3.7252211323469444,
    "medium-base": 3.5954677496427667,
    "intermediate-base": 3.082464571557507,
    "large-base": 5.5516531480795965,
    "xlm-roberta-base": 4.803154463289075
}