{
    "squad_v2": {
        "bert-base-cased": {
            "exact": 69.2411353491,
            "f1": 72.3685457206,
            "total": 11873,
            "HasAns_exact": 70.0573549258,
            "HasAns_f1": 76.3211442882,
            "HasAns_total": 5928,
            "NoAns_exact": 68.4272497897,
            "NoAns_f1": 68.4272497897,
            "NoAns_total": 5945,
            "best_exact": 69.2411353491,
            "best_exact_thresh": 0.0,
            "best_f1": 72.3685457206,
            "best_f1_thresh": 0.0
        },
        "bert-large-cased": {
            "exact": 77.2256380022,
            "f1": 80.3405868502,
            "total": 11873,
            "HasAns_exact": 77.6315789474,
            "HasAns_f1": 83.8704095265,
            "HasAns_total": 5928,
            "NoAns_exact": 76.8208578638,
            "NoAns_f1": 76.8208578638,
            "NoAns_total": 5945,
            "best_exact": 77.2256380022,
            "best_exact_thresh": 0.0,
            "best_f1": 80.3405868502,
            "best_f1_thresh": 0.0
        },
        "bert-base-multilingual-uncased": {
            "exact": 63.9012886381,
            "f1": 66.7672928832,
            "total": 11873,
            "HasAns_exact": 61.032388664,
            "HasAns_f1": 66.7726161272,
            "HasAns_total": 5928,
            "NoAns_exact": 66.7619848612,
            "NoAns_f1": 66.7619848612,
            "NoAns_total": 5945,
            "best_exact": 63.8928661669,
            "best_exact_thresh": 0.0,
            "best_f1": 66.7588704121,
            "best_f1_thresh": 0.0
        },
        "bert-base-multilingual-cased": {
            "exact": 73.5534405795,
            "f1": 76.4167912754,
            "total": 11873,
            "HasAns_exact": 70.8839406208,
            "HasAns_f1": 76.618853376,
            "HasAns_total": 5928,
            "NoAns_exact": 76.2153069807,
            "NoAns_f1": 76.2153069807,
            "NoAns_total": 5945,
            "best_exact": 73.5534405795,
            "best_exact_thresh": 0.0,
            "best_f1": 76.4167912754,
            "best_f1_thresh": 0.0
        },
        "bert-base-chinese": {
            "exact": 57.1380443022,
            "f1": 60.1098055151,
            "total": 11873,
            "HasAns_exact": 49.1565452092,
            "HasAns_f1": 55.1085898921,
            "HasAns_total": 5928,
            "NoAns_exact": 65.0967199327,
            "NoAns_f1": 65.0967199327,
            "NoAns_total": 5945,
            "best_exact": 57.1380443022,
            "best_exact_thresh": 0.0,
            "best_f1": 60.1098055151,
            "best_f1_thresh": 0.0
        },
        "bert-base-german-cased": {
            "exact": 61.366124821,
            "f1": 64.3853601352,
            "total": 11873,
            "HasAns_exact": 51.0290148448,
            "HasAns_f1": 57.0761438741,
            "HasAns_total": 5928,
            "NoAns_exact": 71.6736753574,
            "NoAns_f1": 71.6736753574,
            "NoAns_total": 5945,
            "best_exact": 61.3745472922,
            "best_exact_thresh": 0.0,
            "best_f1": 64.3920981121,
            "best_f1_thresh": 0.0
        },
        "bert-large-uncased-whole-word-masking": {
            "exact": 72.2479575507,
            "f1": 75.3892736933,
            "total": 11873,
            "HasAns_exact": 72.705802969,
            "HasAns_f1": 78.9974437517,
            "HasAns_total": 5928,
            "NoAns_exact": 71.7914213625,
            "NoAns_f1": 71.7914213625,
            "NoAns_total": 5945,
            "best_exact": 72.2479575507,
            "best_exact_thresh": 0.0,
            "best_f1": 75.3892736933,
            "best_f1_thresh": 0.0
        },
        "bert-large-cased-whole-word-masking": {
            "exact": 83.4077318285,
            "f1": 86.0995693752,
            "total": 11873,
            "HasAns_exact": 80.6511470985,
            "HasAns_f1": 86.042541699,
            "HasAns_total": 5928,
            "NoAns_exact": 86.1564339781,
            "NoAns_f1": 86.1564339781,
            "NoAns_total": 5945,
            "best_exact": 83.4077318285,
            "best_exact_thresh": 0.0,
            "best_f1": 86.0995693752,
            "best_f1_thresh": 0.0
        },
        "bert-base-german-dbmdz-cased": {
            "exact": 65.8553019456,
            "f1": 68.8657322976,
            "total": 11873,
            "HasAns_exact": 59.9021592443,
            "HasAns_f1": 65.9316530988,
            "HasAns_total": 5928,
            "NoAns_exact": 71.7914213625,
            "NoAns_f1": 71.7914213625,
            "NoAns_total": 5945,
            "best_exact": 65.8553019456,
            "best_exact_thresh": 0.0,
            "best_f1": 68.8657322976,
            "best_f1_thresh": 0.0
        },
        "bert-base-german-dbmdz-uncased": {
            "exact": 59.2268171482,
            "f1": 62.3977413171,
            "total": 11873,
            "HasAns_exact": 53.0026990553,
            "HasAns_f1": 59.3536407993,
            "HasAns_total": 5928,
            "NoAns_exact": 65.43313709,
            "NoAns_f1": 65.43313709,
            "NoAns_total": 5945,
            "best_exact": 59.3110418597,
            "best_exact_thresh": 0.0,
            "best_f1": 62.3977413171,
            "best_f1_thresh": 0.0
        },
        "bert-base-japanese": {
            "exact": 60.1448665038,
            "f1": 63.6792134554,
            "total": 11873,
            "HasAns_exact": 53.6605937922,
            "HasAns_f1": 60.7394233056,
            "HasAns_total": 5928,
            "NoAns_exact": 66.6105971405,
            "NoAns_f1": 66.6105971405,
            "NoAns_total": 5945,
            "best_exact": 60.1448665038,
            "best_exact_thresh": 0.0,
            "best_f1": 63.6792134554,
            "best_f1_thresh": 0.0
        },
        "bert-base-japanese-whole-word-masking": {
            "exact": 62.6126505517,
            "f1": 65.8439931205,
            "total": 11873,
            "HasAns_exact": 55.1113360324,
            "HasAns_f1": 61.5832878408,
            "HasAns_total": 5928,
            "NoAns_exact": 70.0925147183,
            "NoAns_f1": 70.0925147183,
            "NoAns_total": 5945,
            "best_exact": 62.629495494,
            "best_exact_thresh": 0.0,
            "best_f1": 65.8608380628,
            "best_f1_thresh": 0.0
        },
        "bert-base-japanese-char": {
            "exact": 59.496336225,
            "f1": 62.7015640022,
            "total": 11873,
            "HasAns_exact": 45.1079622132,
            "HasAns_f1": 51.5276095476,
            "HasAns_total": 5928,
            "NoAns_exact": 73.8435660219,
            "NoAns_f1": 73.8435660219,
            "NoAns_total": 5945,
            "best_exact": 59.496336225,
            "best_exact_thresh": 0.0,
            "best_f1": 62.7015640022,
            "best_f1_thresh": 0.0
        },
        "bert-base-finnish-cased-v1": {
            "exact": 66.0237513687,
            "f1": 69.3004843428,
            "total": 11873,
            "HasAns_exact": 56.9669365722,
            "HasAns_f1": 63.5297993594,
            "HasAns_total": 5928,
            "NoAns_exact": 75.0546677881,
            "NoAns_f1": 75.0546677881,
            "NoAns_total": 5945,
            "best_exact": 66.0237513687,
            "best_exact_thresh": 0.0,
            "best_f1": 69.3004843428,
            "best_f1_thresh": 0.0
        },
        "bert-base-finnish-uncased-v1": {
            "exact": 58.6625115809,
            "f1": 61.611870936,
            "total": 11873,
            "HasAns_exact": 49.628879892,
            "HasAns_f1": 55.5360566167,
            "HasAns_total": 5928,
            "NoAns_exact": 67.6703111859,
            "NoAns_f1": 67.6703111859,