{
    "bert-base-cased": 1.9061591025817528,
    "bert-large-cased": 4.144334194573276,
    "bert-base-multilingual-uncased": 1.7556196417904133,
    "bert-base-multilingual-cased": 1.9289446339243854,
    "bert-base-chinese": 1.9549368196971122,
    "bert-base-german-cased": 1.9987905576185483,
    "bert-large-uncased-whole-word-masking": 4.208376095261698,
    "bert-large-cased-whole-word-masking": 4.08262796441911,
    "bert-base-german-dbmdz-cased": 1.9893888199472383,
    "bert-base-german-dbmdz-uncased": 2.1407823823403564,
    "bert-base-japanese": 1.6280298516556369,
    "bert-base-japanese-whole-word-masking": 1.8077706459990854,
    "bert-base-japanese-char": 1.7560016866414112,
    "bert-base-finnish-cased-v1": 2.3618175166790394,
    "bert-base-finnish-uncased-v1": 2.30542019816643,
    "bert-base-dutch-cased": 2.1195436893547974,
    "roberta-large-mnli": 3.184333148591899,
    "roberta-base-openai-detector": 0.8975324082428329,
    "roberta-large-openai-detector": 2.6128290338108453,
    "distilbert-base-cased": 1.9461842915651695,
    "distilbert-base-german-cased": 1.9714644186049057,
    "distilbert-base-multilingual-cased": 2.199530134598837,
    "camembert-base": 0.58836594731601,
    "flaubert_small_cased": 0.3197042310532041,
    "flaubert_base_uncased": 3.0157537273659916,
    "flaubert_base_cased": 2.770724483926374,
    "flaubert_large_cased": 5.183275125679099,
    "small-base": 1.453733745878273,
    "medium-base": 1.4091462751272525,
    "intermediate-base": 1.2485417680106814,
    "large-base": 2.8217555800382432,
    "xlm-roberta-base": 0.7870303265618579
}