{
    "bert-base-cased": -1.4160112199540438,
    "bert-large-cased": -1.4023588678325474,
    "bert-base-multilingual-uncased": -1.3969673689454707,
    "bert-base-multilingual-cased": -1.4120934403136247,
    "bert-base-chinese": -1.5027766642810687,
    "bert-base-german-cased": -1.4475519867312459,
    "bert-large-uncased-whole-word-masking": -1.4052580705618838,
    "bert-large-cased-whole-word-masking": -1.4534951461404326,
    "bert-base-german-dbmdz-cased": -1.4385382390938521,
    "bert-base-german-dbmdz-uncased": -1.4148931223179917,
    "bert-base-japanese": -1.4564728820814823,
    "bert-base-japanese-whole-word-masking": -1.4588541861563642,
    "bert-base-japanese-char": -1.532710289658719,
    "bert-base-finnish-cased-v1": -1.4381449576794123,
    "bert-base-finnish-uncased-v1": -1.4089364355731977,
    "bert-base-dutch-cased": -1.5141237502348979,
    "roberta-large-mnli": -1.129961927319701,
    "roberta-base-openai-detector": -1.4822992041211496,
    "roberta-large-openai-detector": -1.543463234731077,
    "distilbert-base-cased": -1.5731193949493367,
    "distilbert-base-german-cased": -1.4796981499011077,
    "distilbert-base-multilingual-cased": -1.5752405983949447,
    "camembert-base": -1.5331038504556502,
    "flaubert_small_cased": -1.8513974168509462,
    "flaubert_base_uncased": -1.871312931939424,
    "flaubert_base_cased": -1.8652821213187067,
    "flaubert_large_cased": -1.8725464478270333,
    "small-base": -1.3047780943138325,
    "medium-base": -1.3075623272882844,
    "intermediate-base": -1.2884293867217462,
    "large-base": -1.2936071168031036,
    "xlm-roberta-base": -1.4824365270595912
}