{
    "squad_v2": {
        "albert-base-v2": {
            "exact": 76.33285606,
            "f1": 79.6201406537,
            "total": 11873,
            "HasAns_exact": 72.8576248313,
            "HasAns_f1": 79.441621117,
            "HasAns_total": 5928,
            "NoAns_exact": 79.7981497056,
            "NoAns_f1": 79.7981497056,
            "NoAns_total": 5945,
            "best_exact": 76.33285606,
            "best_exact_thresh": 0.0,
            "best_f1": 79.6201406537,
            "best_f1_thresh": 0.0
        },
        "albert-large-v2": {
            "exact": 79.2891434347,
            "f1": 82.3980237144,
            "total": 11873,
            "HasAns_exact": 76.2483130904,
            "HasAns_f1": 82.4749891298,
            "HasAns_total": 5928,
            "NoAns_exact": 82.3212783852,
            "NoAns_f1": 82.3212783852,
            "NoAns_total": 5945,
            "best_exact": 79.2891434347,
            "best_exact_thresh": 0.0,
            "best_f1": 82.3980237144,
            "best_f1_thresh": 0.0
        },
        "bert-base-uncased": {
            "exact": 61.1555630422,
            "f1": 64.2095349636,
            "total": 11873,
            "HasAns_exact": 61.302294197,
            "HasAns_f1": 67.4189960565,
            "HasAns_total": 5928,
            "NoAns_exact": 61.0092514718,
            "NoAns_f1": 61.0092514718,
            "NoAns_total": 5945,
            "best_exact": 61.1555630422,
            "best_exact_thresh": 0.0,
            "best_f1": 64.2095349636,
            "best_f1_thresh": 0.0
        },
        "bert-large-uncased": {
            "exact": 67.4639939358,
            "f1": 70.5654150414,
            "total": 11873,
            "HasAns_exact": 68.2186234818,
            "HasAns_f1": 74.4303597817,
            "HasAns_total": 5928,
            "NoAns_exact": 66.7115222876,
            "NoAns_f1": 66.7115222876,
            "NoAns_total": 5945,
            "best_exact": 67.4555714647,
            "best_exact_thresh": 0.0,
            "best_f1": 70.5569925702,
            "best_f1_thresh": 0.0
        },
        "distilbert-base-uncased": {
            "exact": 56.6832308599,
            "f1": 60.2096513231,
            "total": 11873,
            "HasAns_exact": 56.1066126856,
            "HasAns_f1": 63.1695664911,
            "HasAns_total": 5928,
            "NoAns_exact": 57.2582001682,
            "NoAns_f1": 57.2582001682,
            "NoAns_total": 5945,
            "best_exact": 56.851680283,
            "best_exact_thresh": 0.0,
            "best_f1": 60.2096513231,
            "best_f1_thresh": 0.0
        },
        "distilroberta-base": {
            "exact": 70.7656026278,
            "f1": 74.0490876347,
            "total": 11873,
            "HasAns_exact": 69.9055330634,
            "HasAns_f1": 76.4819192792,
            "HasAns_total": 5928,
            "NoAns_exact": 71.6232127839,
            "NoAns_f1": 71.6232127839,
            "NoAns_total": 5945,
            "best_exact": 70.774025099,
            "best_exact_thresh": 0.0,
            "best_f1": 74.0575101059,
            "best_f1_thresh": 0.0
        },
        "electra-base-discriminator": {
            "exact": 63.5980796766,
            "f1": 67.3748834775,
            "total": 11873,
            "HasAns_exact": 75.0843454791,
            "HasAns_f1": 82.6487839961,
            "HasAns_total": 5928,
            "NoAns_exact": 52.1446593776,
            "NoAns_f1": 52.1446593776,
            "NoAns_total": 5945,
            "best_exact": 63.5896572054,
            "best_exact_thresh": 0.0,
            "best_f1": 67.3664610064,
            "best_f1_thresh": 0.0
        },
        "electra-large-discriminator": {
            "exact": 75.8190853196,
            "f1": 78.9310893754,
            "total": 11873,
            "HasAns_exact": 77.3279352227,
            "HasAns_f1": 83.5608677724,
            "HasAns_total": 5928,
            "NoAns_exact": 74.3145500421,
            "NoAns_f1": 74.3145500421,
            "NoAns_total": 5945,
            "best_exact": 75.8190853196,
            "best_exact_thresh": 0.0,
            "best_f1": 78.9310893754,
            "best_f1_thresh": 0.0
        },
        "roberta-base": {
            "exact": 79.6849995789,
            "f1": 82.9212260845,
            "total": 11873,
            "HasAns_exact": 77.3110661269,
            "HasAns_f1": 83.7927998147,
            "HasAns_total": 5928,
            "NoAns_exact": 82.0521446594,
            "NoAns_f1": 82.0521446594,
            "NoAns_total": 5945,
            "best_exact": 79.6849995789,
            "best_exact_thresh": 0.0,
            "best_f1": 82.9212260845,
            "best_f1_thresh": 0.0
        },
        "roberta-large": {
            "exact": 84.5026530784,
            "f1": 87.8120338021,
            "total": 11873,
            "HasAns_exact": 81.7307692308,
            "HasAns_f1": 88.3590211425,
            "HasAns_total": 5928,
            "NoAns_exact": 87.2666105971,
            "NoAns_f1": 87.2666105971,
            "NoAns_total": 5945,
            "best_exact": 84.5026530784,
            "best_exact_thresh": 0.0,
            "best_f1": 87.8120338021,
            "best_f1_thresh": 0.0
        },
        "xlm-roberta-base": {
            "exact": 73.8482270698,
            "f1": 76.8733728055,
            "total": 11873,
            "HasAns_exact": 71.2381916329,
            "HasAns_f1": 77.2971584547,
            "HasAns_total": 5928,
            "NoAns_exact": 76.4507989907,
            "NoAns_f1": 76.4507989907,
            "NoAns_total": 5945,
            "best_exact": 73.8229596564,
            "best_exact_thresh": 0.0,
            "best_f1": 76.848105392,
            "best_f1_thresh": 0.0
        },
        "xlm-roberta-large": {
            "exact": 82.6412869536,
            "f1": 85.8631894171,
            "total": 11873,
            "HasAns_exact": 79.7233468286,
            "HasAns_f1": 86.1763913545,
            "HasAns_total": 5928,
            "NoAns_exact": 85.550883095,
            "NoAns_f1": 85.550883095,
            "NoAns_total": 5945,
            "best_exact": 82.6244420113,
            "best_exact_thresh": 0.0,
            "best_f1": 85.8463444748,
            "best_f1_thresh": 0.0
        }
    }
}